<?xml version="1.0" encoding="UTF-8"?>
<project-private xmlns="http://www.netbeans.org/ns/project-private/1">
    <editor-bookmarks xmlns="http://www.netbeans.org/ns/editor-bookmarks/2" lastBookmarkId="0"/>
    <open-files xmlns="http://www.netbeans.org/ns/projectui-open-files/2">
        <group>
            <file>file:/C:/Users/villalobos/Downloads/ATM%20Part%203-20230511T141036Z-001/ATM%20Part%203/ATM%20Part%203/src/TRANSACTIONFORM.java</file>
            <file>file:/C:/Users/villalobos/Downloads/ATM%20Part%203-20230511T141036Z-001/ATM%20Part%203/ATM%20Part%203/src/DEPOSITFORM.java</file>
            <file>file:/C:/Users/villalobos/Downloads/ATM%20Part%203-20230511T141036Z-001/ATM%20Part%203/ATM%20Part%203/src/SIGNUPFORM.java</file>
            <file>file:/C:/Users/villalobos/Downloads/ATM%20Part%203-20230511T141036Z-001/ATM%20Part%203/ATM%20Part%203/src/CHANGEPINFORM.java</file>
            <file>file:/C:/Users/villalobos/Downloads/ATM%20Part%203-20230511T141036Z-001/ATM%20Part%203/ATM%20Part%203/src/EnterAmountWD.java</file>
            <file>file:/C:/Users/villalobos/Downloads/ATM%20Part%203-20230511T141036Z-001/ATM%20Part%203/ATM%20Part%203/src/BALANCEINQFORM.java</file>
            <file>file:/C:/Users/villalobos/Downloads/ATM%20Part%203-20230511T141036Z-001/ATM%20Part%203/ATM%20Part%203/src/login2.java</file>
        </group>
    </open-files>
</project-private>
