<?xml version="1.0" encoding="UTF-8"?>
<project-private xmlns="http://www.netbeans.org/ns/project-private/1">
    <editor-bookmarks xmlns="http://www.netbeans.org/ns/editor-bookmarks/2" lastBookmarkId="0"/>
    <open-files xmlns="http://www.netbeans.org/ns/projectui-open-files/2">
        <group>
            <file>file:/C:/Users/nestlyn%20aballa/Documents/Alexis/NetBeansProjects/ATM%20danielle-20230509T025625Z-001/ATM%20danielle/src/pakAtm/userInfo.java</file>
            <file>file:/C:/Users/nestlyn%20aballa/Documents/Alexis/NetBeansProjects/ATM%20danielle-20230509T025625Z-001/ATM%20danielle/src/pakAtm/SIGNUPFORM.java</file>
            <file>file:/C:/Users/nestlyn%20aballa/Documents/Alexis/NetBeansProjects/ATM%20danielle-20230509T025625Z-001/ATM%20danielle/src/pakAtm/LOGINFORM.java</file>
            <file>file:/C:/Users/nestlyn%20aballa/Documents/Alexis/NetBeansProjects/ATM%20danielle-20230509T025625Z-001/ATM%20danielle/src/pakAtm/TRANSACTIONFORM.java</file>
        </group>
    </open-files>
</project-private>
